word,chord,category,frequency,alt1,alt2,alt3
the,t,,,,,
to,,,7.42,,,
a,,,7.38,,,
I,i,pronoun,,me,my,myself
it,,pronoun,7.33,,its,itself
and,a,,,,,
you,y,pronoun,7.32,,your,yourself
of,,,7.27,,,
's,x,contraction,7.23,,,
that,,demonstrative,7.19,,,
is,,verb,7.18,,,
in,,,7.17,,,
we,w,pronoun,,us,our,ourselves
for,fr,,6.93,,,
have,ha,verb,6.90,has,had,having
on,,,6.89,,,
this,ti,demonstrative,6.89,these,that,
n't,nx,contraction,6.87,,,
was,ws,verb,6.87,,,
do,d,verb,,does,did,doing
they,th,pronoun,6.83,them,their,themselves
are,ar,verb,6.82,,,
he,h,pronoun,,him,his,himself
be,,verb,6.80,is,were,being
what,wha,pronoun,6.78,,,
but,bt,,6.76,,,
with,wih,,6.75,,,
not,nt,adverb,6.72,,,
there,the,adverb,6.72,,,
at,,,6.69,,,
so,,adverb,6.69,,,
all,al,,6.63,,,
as,,,6.61,,,
can,c,modal,6.56,could,,
one,o,number,6.56,first,,
just,jt,adverb,6.55,,,
will,wi,modal,6.55,would,,
me,,pronoun,6.54,,,
're,xr,contraction,6.53,,,
like,lk,,6.53,,,
up,,,6.53,,,
my,,pronoun,6.52,,,
'm,xm,contraction,6.51,,,
about,au,,6.51,,,
has,,verb,6.51,,,
think,tk,verb,6.51,thinks,thought,thinking
've,xe,contraction,6.50,,,
from,fm,,6.50,,,
if,,,6.50,,,
no,,,6.50,,,
your,,pronoun,6.50,,,
get,gt,verb,6.49,gets,got,getting
out,ou,,6.48,,,
going,,verb,6.47,,,
got,,verb,6.47,,,
here,hr,adverb,6.45,,,
would,,modal,6.45,,,
now,no,adverb,6.44,,,
go,g,verb,,goes,went,going
know,k,verb,6.43,knows,knew,knowing
well,wel,adverb,6.43,,,
been,bn,verb,6.42,,,
she,sh,pronoun,6.42,her,her,herself
very,v,adverb,6.41,,,
an,,,6.40,,,
his,,pronoun,6.40,,,
had,,verb,6.37,,,
did,,verb,6.36,,,
right,ri,adverb,6.36,,,
good,gd,adjective,6.35,better,best,
people,,noun,6.35,,,
them,,pronoun,6.35,,,
time,tie,noun,6.35,times,,
were,we,verb,6.35,,,
see,s,verb,6.34,sees,saw,seeing
when,whn,adverb,6.34,,,
how,ho,adverb,6.33,,,
'll,xl,contraction,6.32,,,
more,,adjective,6.32,morer,morest,
who,wh,pronoun,6.32,,,
oh,,,6.29,,,
or,,,6.29,,,
really,ry,adverb,6.29,,,
by,,,6.28,,,
their,,pronoun,6.28,,,
could,,modal,6.27,,,
some,soe,,6.27,,,
yeah,yh,,6.27,,,
come,ce,verb,6.26,comes,came,coming
which,wc,,6.26,,,
back,bc,adverb,6.25,,,
her,,pronoun,6.25,,,
look,l,verb,6.23,looks,looked,looking
yes,ys,,6.23,,,
because,bs,,6.22,,,
our,,pronoun,6.22,,,
want,wa,verb,6.22,wants,wanted,wanting
then,thn,adverb,6.21,,,
him,,pronoun,6.19,,,
two,to,number,6.18,second,,
first,,number,6.17,,,
into,io,,6.16,,,
let,let,verb,6.16,lets,,letting
us,,pronoun,6.15,,,
make,m,verb,6.14,makes,made,making
over,ov,,6.14,,,
say,say,verb,6.13,says,said,saying
where,whe,adverb,6.13,,,
these,,demonstrative,6.12,,,
way,wy,noun,6.12,ways,,
much,mc,adverb,6.11,,,
bit,bit,noun,6.10,bits,,
down,dn,,6.09,,,
off,of,,6.08,,,
take,ta,verb,6.08,takes,took,taking
does,,verb,6.07,,,
need,n,verb,6.07,needs,needed,needing
said,,verb,6.05,,,
'd,xd,contraction,6.04,,,
little,lit,adjective,6.03,less,least,
only,oy,adverb,6.02,,,
something,shn,noun,6.02,,,
than,tha,,6.02,,,
why,why,adverb,6.02,,,
any,an,,6.01,,,
great,ga,adjective,6.00,greater,greatest,
should,,modal,6.00,,,
years,,noun,6.00,,,
day,dy,noun,5.99,days,,
done,de,verb,5.99,,,
put,pt,verb,5.99,puts,,putting
work,wk,noun,5.99,works,,
lot,lot,noun,5.98,lots,,
new,new,adjective,5.98,newer,newest,
ok,,,5.98,,,
other,or,adjective,5.98,more other,most other,
last,lst,adjective,5.97,more last,most last,
today,toa,noun,5.96,todays,,
after,ater,,5.94,,,
big,bi,adjective,5.94,bigger,biggest,
still,sil,adverb,5.94,,,
thing,tin,noun,5.94,,,
those,thse,demonstrative,5.94,,,
three,thr,number,5.94,third,,
through,tru,,5.94,,,
things,ths,noun,5.93,,,
too,,adverb,5.93,,,
quite,kit,adverb,5.92,,,
year,ya,noun,5.92,years,,
made,,verb,5.91,,,
being,ben,verb,5.90,,,
doing,,verb,5.89,,,
find,fi,verb,5.89,finds,found,finding
never,nr,adverb,5.89,,,
next,nxt,adjective,5.89,more next,most next,
am,,verb,5.88,,,
before,bf,,5.88,,,
love,le,verb,5.88,loves,loved,loving
world,wod,noun,5.88,worlds,,
many,ma,adjective,5.87,more,most,
thank,thk,verb,5.87,thanks,thanked,thanking
around,and,,5.86,,,
give,ge,verb,5.86,gives,gave,giving
home,hme,noun,5.86,homes,,
man,mn,noun,5.86,men,,
most,,adverb,5.86,,,
even,en,adverb,5.85,,,
looking,,verb,5.85,,,
again,ai,adverb,5.84,,,
away,awy,adverb,5.84,,,
money,mne,noun,5.84,monies,,
thought,,verb,5.84,,,
house,hu,noun,5.83,houses,,
nice,ni,adjective,5.83,nicer,nicest,
tell,te,verb,5.82,tells,told,telling
also,aso,adverb,5.81,,,
life,lie,noun,5.81,lives,,
long,ln,adjective,5.80,longer,longest,
might,,modal,5.80,,,
sure,sue,adjective,5.80,surer,surest,
actually,act,adverb,5.79,,,
another,aoh,,5.79,,,
old,ol,adjective,5.79,older,oldest,
best,,adjective,5.78,bester,bestest,
place,pae,noun,5.78,places,,
end,end,noun,5.77,ends,,
its,its,pronoun,5.77,,,
show,sho,noun,5.77,shows,,
start,sr,verb,5.77,starts,started,starting
always,aws,adverb,5.76,,,
better,,adjective,5.76,more better,most better,
government,get,noun,5.76,governments,,
coming,,verb,5.75,,,
help,he,verb,5.75,helps,helped,helping
every,ev,,5.74,,,
feel,f,verb,5.73,feels,felt,feeling
getting,,verb,5.73,,,
keep,ke,verb,5.72,keeps,kept,keeping
own,own,adjective,5.72,more own,most own,
mean,mea,verb,5.71,means,meant,meaning
round,ru,noun,5.71,rounds,,
anything,ahi,noun,5.70,,,
play,p,verb,5.69,plays,played,playing
family,fa,noun,5.68,families,,
may,my,modal,5.68,might,,
please,ps,verb,5.68,pleases,pleased,pleasing
went,,verb,5.68,,,
course,crs,noun,5.67,courses,,
ever,evr,adverb,5.67,,,
few,fe,adjective,5.67,fewer,fewest,
four,fu,number,5.67,fourth,,
must,mut,modal,5.67,,,
part,pr,noun,5.67,parts,,
team,tam,noun,5.67,teams,,
used,,verb,5.67,uses,,using
came,,verb,5.66,,,
different,die,adjective,5.66,more different,most different,
everything,ehi,noun,5.66,,,
left,lt,verb,5.66,leaves,,leaving
week,wek,noun,5.66,weeks,,
country,cn,noun,5.65,countries,,
enough,enh,adverb,5.65,,,
five,fie,number,5.65,fifth,,
lovely,ly,adjective,5.65,more lovely,most lovely,
night,nih,noun,5.65,nights,,
same,sa,adjective,5.65,more same,most same,
seen,sn,verb,5.65,,,
sorry,sry,adjective,5.65,sorrier,sorriest,
try,tr,verb,5.65,tries,tried,trying
nothing,noh,noun,5.64,,,
top,top,adjective,5.64,topper,toppest,
having,,verb,5.62,,,
far,far,adverb,5.61,,,
head,hed,noun,5.61,heads,,
maybe,mb,adverb,5.61,,,
name,nae,noun,5.61,names,,
second,,number,5.61,,,
sort,srt,noun,5.61,sorts,,
called,,verb,5.60,,,
hello,hel,,5.60,,,
job,j,noun,5.60,jobs,,
kind,kn,noun,5.60,kinds,,
point,pi,noun,5.60,points,,
question,ki,noun,5.60,questions,,
room,rm,noun,5.60,rooms,,
together,tgh,adverb,5.60,,,
under,ue,,5.60,,,
probably,py,adverb,5.59,,,
absolutely,aue,adverb,5.58,,,
found,,verb,5.58,,,
gone,gn,verb,5.58,,,
hard,had,adjective,5.58,harder,hardest,
looks,,verb,5.58,,,
wrong,wg,adjective,5.58,wronger,wrongest,
both,bh,,5.57,,,
important,ita,adjective,5.57,more important,most important,
moment,mo,noun,5.57,moments,,
set,st,verb,5.57,sets,,setting
trying,,verb,5.57,,,
use,u,verb,5.57,uses,used,using
answer,ans,noun,5.56,answers,,
bad,ba,adjective,5.56,worse,worst,
believe,bei,verb,5.56,believes,believed,believing
happy,hay,adjective,5.56,happier,happiest,
hope,hp,verb,5.56,hopes,hoped,hoping
idea,ie,noun,5.56,ideas,,
making,,verb,5.56,,,
number,nu,noun,5.56,numbers,,
saying,,verb,5.56,,,
wanted,,verb,5.56,,,
between,bw,,5.55,,,
half,hal,noun,5.55,halves,,
says,,verb,5.55,,,
side,sie,noun,5.55,sides,,
stop,sto,verb,5.55,stops,stopped,stopping
call,ca,verb,5.54,calls,called,calling
game,gm,noun,5.54,games,,
whole,whl,adjective,5.54,more whole,most whole,
against,ais,,5.53,,,
children,,noun,5.53,,,
each,ech,,5.53,,,
high,hi,adjective,5.53,higher,highest,
party,pat,noun,5.53,parties,,
real,re,adjective,5.53,more real,most real,
water,wae,noun,5.53,,,
days,,noun,5.52,,,
ready,ray,adjective,5.52,readier,readiest,
remember,rem,verb,5.52,remembers,remembered,remembering
talk,tak,verb,5.52,talks,talked,talking
goes,,verb,5.51,,,
once,oc,adverb,5.51,,,
problem,pm,noun,5.51,problems,,
told,,verb,5.51,,,
working,wki,verb,5.51,,,
young,yu,adjective,5.51,younger,youngest,
ago,ao,adverb,5.50,,,
else,els,adverb,5.50,,,
everyone,ern,noun,5.50,,,
later,,adverb,5.50,,,
live,li,verb,5.50,lives,lived,living
morning,mri,noun,5.50,mornings,,
police,pce,noun,5.50,,,
pretty,prt,adverb,5.50,,,
someone,soen,noun,5.50,,,
such,sch,adjective,5.50,more such,most such,
across,aco,,5.49,,,
british,bth,adjective,5.49,more british,most british,
change,ch,verb,5.49,changes,changed,changing
comes,,verb,5.49,,,
leave,lev,verb,5.49,leaves,leaved,leaving
move,me,verb,5.49,moves,moved,moving
run,r,verb,5.49,runs,ran,running
win,wn,verb,5.49,wins,won,winning
ha,,noun,5.48,,,
able,abe,adjective,5.47,abler,ablest,
business,bse,noun,5.47,,,
mind,min,noun,5.47,minds,,
six,sx,number,5.47,sixth,,
talking,,verb,5.47,,,
chance,cha,noun,5.46,chances,,
final,fna,adjective,5.46,more final,most final,
mum,mu,noun,5.46,mums,,
since,sin,,5.46,,,
taking,,verb,5.46,,,
times,,noun,5.46,,,
without,wu,,5.46,,,
already,ady,adverb,5.45,,,
fact,fac,noun,5.45,facts,,
fantastic,ftc,adjective,5.45,more fantastic,most fantastic,
food,fd,noun,5.45,foods,,
happened,,verb,5.45,,,
line,lne,noun,5.45,lines,,
school,sc,noun,5.45,schools,,
tonight,toi,noun,5.45,tonights,,
took,,verb,5.45,,,
turn,tu,verb,5.45,turns,turned,turning
while,wil,,5.45,,,
car,cr,noun,5.44,cars,,
face,fc,noun,5.44,faces,,
fine,fne,adjective,5.44,finer,finest,
hand,han,noun,5.44,hands,,
hear,hea,verb,5.44,hears,heard,hearing
local,lca,adjective,5.44,more local,most local,
means,,verb,5.44,,,
minutes,,noun,5.44,,,
public,pb,adjective,5.44,more public,most public,
ah,,,5.43,,,
case,cae,noun,5.43,cases,,
close,cos,adverb,5.43,,,
small,sal,adjective,5.43,smaller,smallest,
started,,verb,5.43,,,
thanks,,noun,5.43,,,
though,thu,,5.43,,,
beautiful,bai,adjective,5.42,more beautiful,most beautiful,
behind,beh,,5.42,,,
couple,cue,noun,5.42,couples,,
front,fnt,noun,5.42,fronts,,
given,gie,verb,5.42,,,
lost,,verb,5.42,,,
needs,,verb,5.42,,,
story,sor,noun,5.42,stories,,
taken,tke,verb,5.42,,,
welcome,wec,adjective,5.42,more welcome,most welcome,
ask,ak,verb,5.41,asks,asked,asking
dad,da,noun,5.41,dads,,
meet,mt,verb,5.41,meets,met,meeting
news,nws,noun,5.41,,,
open,oe,adjective,5.41,more open,most open,
red,red,adjective,5.41,redder,reddest,
yet,yt,adverb,5.41,,,
area,are,noun,5.40,areas,,
bring,b,verb,5.40,brings,brought,bringing
city,cit,noun,5.40,cities,,
difficult,dit,adjective,5.40,more difficult,most difficult,
full,fl,adjective,5.40,fuller,fullest,
makes,,verb,5.40,,,
pay,pa,verb,5.40,pays,paid,paying
saw,,verb,5.40,,,
until,uti,,5.40,,,
almost,amo,adverb,5.39,,,
rather,rah,adverb,5.39,,,
stay,sta,verb,5.39,stays,stayed,staying
stuff,stu,noun,5.39,,,
ten,ten,number,5.39,tenth,,
whether,wer,,5.39,,,
million,mio,number,5.38,millionth,,
buy,bu,verb,5.37,buys,bought,buying
clear,cle,adjective,5.37,clearer,clearest,
correct,crt,adjective,5.37,more correct,most correct,
everybody,erb,noun,5.37,,,
exactly,exa,adverb,5.37,,,
guys,,noun,5.37,,,
men,,noun,5.37,,,
property,pet,noun,5.37,properties,,
wait,wai,verb,5.37,waits,waited,waiting
amazing,ax,adjective,5.36,more amazing,most amazing,
heard,,verb,5.36,,,
inside,isd,,5.36,,,
knew,,verb,5.36,,,
months,,noun,5.36,,,
playing,,verb,5.36,,,
thinking,,verb,5.36,,,
won,,verb,5.36,,,
cut,ct,verb,5.35,cuts,,cutting
lots,,noun,5.35,,,
music,mic,noun,5.35,,,
brilliant,bnt,adjective,5.34,more brilliant,most brilliant,
care,car,noun,5.34,cares,,
deal,dal,noun,5.34,deals,,
gets,,verb,5.34,,,
obviously,ois,adverb,5.34,,,
person,pe,noun,5.34,people,,
points,,noun,5.34,,,
war,war,noun,5.34,wars,,
along,aon,,5.33,,,
ball,bl,noun,5.33,balls,,
certainly,ceta,adverb,5.33,,,
forward,foa,adverb,5.33,,,
friends,,noun,5.33,,,
true,tue,adjective,5.33,truer,truest,
wants,,verb,5.33,,,
wonderful,weu,adjective,5.33,more wonderful,most wonderful,
early,eal,adjective,5.32,earlier,earliest,
easy,ea,adjective,5.32,easier,easiest,
happen,hn,verb,5.32,happens,happened,happening
hold,hd,verb,5.32,holds,held,holding
huge,hg,adjective,5.32,huger,hugest,
outside,oie,,5.32,,,
special,seia,adjective,5.32,more special,most special,
understand,unt,verb,5.32,understands,understood,understanding
fun,fun,noun,5.31,,,
hit,hit,verb,5.31,hits,,hitting
less,,adjective,5.31,lesser,least,
living,,verb,5.31,,,
seems,,verb,5.31,,,
yourself,,pronoun,5.31,,,
future,fte,noun,5.30,futures,,
heart,heat,noun,5.30,hearts,,
past,pst,adjective,5.30,paster,pastest,
sir,sir,noun,5.30,sirs,,
soon,so,adverb,5.30,,,
watch,wch,verb,5.30,watches,watched,watching
asked,,verb,5.29,,,
baby,bay,noun,5.29,babies,,
definitely,det,adverb,5.29,,,
friend,fn,noun,5.29,friends,,
girl,gi,noun,5.29,girls,,
known,ko,verb,5.29,,,
mother,mth,noun,5.29,mothers,,
power,per,noun,5.29,powers,,
somebody,sed,noun,5.29,,,
space,sac,noun,5.29,spaces,,
support,sur,noun,5.29,supports,,
word,wd,noun,5.29,words,,
anyone,aoe,noun,5.28,,,
bank,ban,noun,5.28,banks,,
become,be,verb,5.28,becomes,became,becoming
boy,bo,noun,5.28,boys,,
brought,,verb,5.28,,,
feeling,,verb,5.28,,,
garden,gen,noun,5.28,gardens,,
hours,hus,noun,5.28,,,
interesting,itr,adjective,5.28,more interesting,most interesting,
least,,adjective,5.28,leaster,leastest,
light,lh,noun,5.28,lights,,
myself,,pronoun,5.28,,,
perfect,pf,adjective,5.28,more perfect,most perfect,
price,pie,noun,5.28,prices,,
rest,rest,noun,5.28,rests,,
road,roa,noun,5.28,roads,,
weeks,,noun,5.28,,,
women,,noun,5.28,,,
worth,woh,adjective,5.28,more worth,most worth,
wow,wo,,5.28,,,
looked,,verb,5.27,,,
piece,pc,noun,5.27,pieces,,
black,bla,adjective,5.26,blacker,blackest,
door,dr,noun,5.26,doors,,
father,fah,noun,5.26,fathers,,
film,fim,noun,5.26,films,,
played,,verb,5.26,,,
running,,verb,5.26,,,
straight,sih,adverb,5.26,,,
system,syt,noun,5.26,systems,,
tomorrow,tmr,noun,5.26,tomorrows,,
free,fre,adjective,5.25,more free,most free,
hands,,noun,5.25,,,
history,hty,noun,5.25,histories,,
listen,ltn,verb,5.25,listens,listened,listening
luck,lu,noun,5.25,,,
questions,,noun,5.25,,,
shall,sha,modal,5.25,should,,
sometimes,seti,adverb,5.25,,,
stand,stn,verb,5.25,stands,stood,standing
strong,stg,adjective,5.25,more strong,most strong,
white,whie,adjective,5.25,whiter,whitest,
building,,noun,5.24,buildings,,
century,cen,noun,5.24,centuries,,
gonna,gna,noun,5.24,,,
knows,,verb,5.24,,,
matter,mar,noun,5.24,matters,,
town,ton,noun,5.24,towns,,
break,br,verb,5.23,breaks,broke,breaking
company,can,noun,5.23,companies,,
girls,,noun,5.23,,,
link,lin,noun,5.23,links,,
middle,ml,noun,5.23,middles,,
minute,mie,noun,5.23,minutes,,
perhaps,pha,adverb,5.23,,,
sense,sen,noun,5.23,senses,,
state,stae,noun,5.23,states,,
air,air,noun,5.22,airs,,
eight,eiht,number,5.22,eighth,,
gave,,verb,5.22,,,
green,gre,adjective,5.22,greener,greenest,
market,mk,noun,5.22,markets,,
sell,sl,verb,5.22,sells,sold,selling
seven,sev,number,5.22,seventh,,
within,win,,5.22,,,
woman,wan,noun,5.22,women,,
book,bk,noun,5.21,books,,
eat,eat,verb,5.21,eats,ate,eating
late,lat,adjective,5.21,later,latest,
miss,mi,verb,5.21,misses,missed,missing
pressure,peu,noun,5.21,pressures,,
takes,,verb,5.21,,,
boys,,noun,5.20,,,
kitchen,kh,noun,5.20,kitchens,,
national,nat,adjective,5.20,more national,most national,
plan,pn,noun,5.20,plans,,
possible,psi,adjective,5.20,more possible,most possible,
programme,pg,noun,5.20,programmes,,
sea,sea,noun,5.20,seas,,
service,sic,noun,5.20,services,,
shot,shot,noun,5.20,shots,,
street,sre,noun,5.20,streets,,
terms,,noun,5.20,,,
budget,bet,noun,5.19,budgets,,
centre,cnt,noun,5.19,centres,,
challenge,chn,noun,5.19,challenges,,
fish,fih,noun,5.19,,,
further,fth,adjective,5.19,more further,most further,
ground,grn,noun,5.19,grounds,,
group,gr,noun,5.19,groups,,
himself,,pronoun,5.19,,,
kids,,noun,5.19,,,
lives,,noun,5.19,,,
phone,phe,noun,5.19,,,
reason,rsn,noun,5.19,reasons,,
stage,sag,noun,5.19,stages,,
using,,verb,5.19,,,
walk,wak,verb,5.19,walks,walked,walking
age,age,noun,5.18,ages,,
body,by,noun,5.18,,,
during,du,,5.18,,,
either,ehr,adverb,5.18,,,
fire,fir,noun,5.18,fires,,
issue,iu,noun,5.18,issues,,
land,lan,noun,5.18,lands,,
lead,led,noun,5.18,leads,,
often,ote,adverb,5.18,,,
paid,,verb,5.18,paids,paided,paiding
problems,,noun,5.18,,,
tax,tx,noun,5.18,taxes,,
um,,noun,5.18,,,
auction,aci,noun,5.17,auctions,,
cost,cst,noun,5.17,costs,,
decision,di,noun,5.17,decisions,,
dog,do,noun,5.17,dogs,,
eyes,,noun,5.17,,,
hour,hou,noun,5.17,,,
players,,noun,5.17,,,
son,son,noun,5.17,sons,,
third,,number,5.17,,,
whatever,wv,,5.17,,,
worked,woe,verb,5.17,,,
anyway,any,adverb,5.16,,,
blue,bue,adjective,5.16,bluer,bluest,
economy,ecm,noun,5.16,economies,,
fair,fai,adjective,5.16,fairer,fairest,
guess,ges,verb,5.16,guesses,guessed,guessing
jobs,,noun,5.16,,,
met,,verb,5.16,,,
pick,pk,verb,5.16,picks,picked,picking
position,pit,noun,5.16,positions,,
serious,siu,adjective,5.16,more serious,most serious,
sound,su,noun,5.16,sounds,,
themselves,,pronoun,5.16,,,
view,vi,noun,5.16,views,,
vote,vt,noun,5.16,votes,,
ahead,ahed,adverb,5.15,,,
art,art,noun,5.15,arts,,
dead,dea,adjective,5.15,deader,deadest,
experience,eri,noun,5.15,experiences,,
felt,,verb,5.15,,,
guy,gu,noun,5.15,guys,,
lady,lay,noun,5.15,ladies,,
ones,one,noun,5.15,,,
order,ore,noun,5.15,orders,,
political,pia,adjective,5.15,more political,most political,
single,snl,adjective,5.15,more single,most single,
tried,,verb,5.15,,,
turned,,verb,5.15,,,
wife,wie,noun,5.15,wives,,
bid,bid,noun,5.14,bids,,
biggest,,adjective,5.14,more biggest,most biggest,
bought,,verb,5.14,,,
changed,,verb,5.14,,,
child,ci,noun,5.14,children,,
completely,clt,adverb,5.14,,,
control,cnr,noun,5.14,controls,,
council,cni,noun,5.14,councils,,
death,dth,noun,5.14,deaths,,
died,,verb,5.14,,,
finally,fin,adverb,5.14,,,
health,hlt,noun,5.14,healths,,
hot,hot,adjective,5.14,hotter,hottest,
main,man,adjective,5.14,more main,most main,
needed,,verb,5.14,,,
pass,pas,verb,5.14,passes,passed,passing
read,rad,verb,5.14,reads,,reading
sit,si,verb,5.14,sits,sat,sitting
towards,tad,,5.14,,,
worry,wr,verb,5.14,worries,worried,worrying
decided,,verb,5.13,,,
eye,e,noun,5.13,eyes,,
favourite,fae,adjective,5.13,more favourite,most favourite,
level,lv,noun,5.13,levels,,
moving,,verb,5.13,,,
office,oic,noun,5.13,offices,,
others,ohe,noun,5.13,,,
picture,pu,noun,5.13,pictures,,
quick,kic,adjective,5.13,quicker,quickest,
seem,se,verb,5.13,seems,seemed,seeming
short,shr,adjective,5.13,shorter,shortest,
spend,sd,verb,5.13,spends,spent,spending
spent,,verb,5.13,,,
waiting,,verb,5.13,,,
bed,bed,noun,5.12,beds,,
box,bx,noun,5.12,boxes,,
dance,dac,noun,5.12,dances,,
evening,evi,noun,5.12,evenings,,
football,fta,noun,5.12,footballs,,
games,,noun,5.12,,,
giving,,verb,5.12,,,
happens,,verb,5.12,,,
low,low,adjective,5.12,lower,lowest,
match,mah,noun,5.12,matches,,
scottish,stih,adjective,5.12,more scottish,most scottish,
seeing,,verb,5.12,,,
tough,tou,adjective,5.12,tougher,toughest,
watching,,verb,5.12,,,
weather,weah,noun,5.12,,,
cold,cd,adjective,5.11,colder,coldest,
earlier,,adverb,5.11,,,
indeed,ind,adverb,5.11,,,
lose,los,verb,5.11,loses,lost,losing
miles,,noun,5.11,,,
putting,,verb,5.11,,,
race,race,noun,5.11,races,,
record,rec,noun,5.11,records,,
agree,agr,verb,5.10,agrees,agreed,agreeing
although,atg,,5.10,,,
board,bar,noun,5.10,boards,,
built,,verb,5.10,,,
check,chk,verb,5.10,checks,checked,checking
club,cu,noun,5.10,clubs,,
community,cy,noun,5.10,communities,,
court,cut,noun,5.10,courts,,
double,due,adjective,5.10,doubler,doublest,
gold,go,noun,5.10,golds,,
involved,ino,verb,5.10,,,
join,jn,verb,5.10,joins,joined,joining
large,lg,adjective,5.10,larger,largest,
mate,mte,noun,5.10,mates,,
quickly,kil,adverb,5.10,,,
safe,sf,adjective,5.10,safer,safest,
season,sean,noun,5.10,seasons,,
seconds,scn,noun,5.10,,,
song,sg,noun,5.10,songs,,
sounds,,verb,5.10,,,
table,tale,noun,5.10,tables,,
touch,toc,noun,5.10,touches,,
works,,verb,5.10,,,
action,ain,noun,5.09,actions,,
difference,dic,noun,5.09,differences,,
expect,ect,verb,5.09,expects,expected,expecting
fast,fas,adverb,5.09,,,
hopefully,heu,adverb,5.09,,,
nearly,nar,adverb,5.09,,,
report,rot,noun,5.09,reports,,
situation,sita,noun,5.09,situations,,
size,sxe,noun,5.09,sizes,,
somewhere,seh,adverb,5.09,,,
speak,sk,verb,5.09,speaks,spoke,speaking
step,sep,noun,5.09,steps,,
words,,noun,5.09,,,
dear,dear,adverb,5.08,,,
feet,,noun,5.08,,,
form,frm,noun,5.08,forms,,
hospital,hita,noun,5.08,hospitals,,
month,mh,noun,5.08,months,,
near,near,,5.08,,,
nobody,ny,noun,5.08,,,
park,par,noun,5.08,parks,,
particularly,pac,adverb,5.08,,,
rain,rin,noun,5.08,rains,,
trouble,tul,noun,5.08,troubles,,
amount,aut,noun,5.07,amounts,,
beat,bat,verb,5.07,beats,,beating
became,,verb,5.07,,,
build,bd,verb,5.07,builds,built,building
cool,cl,adjective,5.07,cooler,coolest,
election,eci,noun,5.07,elections,,
hoping,,verb,5.07,,,
imagine,iae,verb,5.07,imagines,imagined,imagining
key,ky,adjective,5.07,more key,most key,
nine,nie,number,5.07,ninth,,
opportunity,ori,noun,5.07,opportunities,,
parents,prs,noun,5.07,,,
places,,noun,5.07,,,
simple,sile,adjective,5.07,simpler,simplest,
afternoon,aten,noun,5.06,afternoons,,
drink,dk,noun,5.06,drinks,,
european,eun,adjective,5.06,more european,most european,
evidence,edc,noun,5.06,,,
finish,fh,verb,5.06,finishes,finished,finishing
funny,fy,adjective,5.06,funnier,funniest,
human,hua,adjective,5.06,more human,most human,
longer,,adverb,5.06,,,
result,reu,noun,5.06,results,,
test,tes,noun,5.06,tests,,
tv,,noun,5.06,tvs,,
wonder,wde,verb,5.06,wonders,wondered,wondering
anybody,aod,noun,5.05,,,
born,brn,verb,5.05,,,
bottom,bot,noun,5.05,bottoms,,
colour,cor,noun,5.05,,,
enjoy,ej,verb,5.05,enjoys,enjoyed,enjoying
finished,,verb,5.05,,,
general,gal,adjective,5.05,more general,most general,
happening,,verb,5.05,,,
interest,iter,noun,5.05,interests,,
law,law,noun,5.05,laws,,
loved,,verb,5.05,,,
major,mj,adjective,5.05,more major,most major,
poor,po,adjective,5.05,poorer,poorest,
save,sv,verb,5.05,saves,saved,saving
services,,noun,5.05,,,
shop,shp,noun,5.05,shops,,
term,ter,noun,5.05,terms,,
wall,wl,noun,5.05,walls,,
wish,wsh,verb,5.05,wishes,wished,wishing
american,amc,adjective,5.04,more american,most american,
animals,,noun,5.04,,,
catch,cth,verb,5.04,catches,caught,catching
fight,ft,verb,5.04,fights,fought,fighting
floor,for,noun,5.04,floors,,
forget,frt,verb,5.04,forgets,forgot,forgetting
french,feh,adjective,5.04,more french,most french,
massive,mai,adjective,5.04,more massive,most massive,
mine,mine,noun,5.04,ours,,
process,pcs,noun,5.04,,,
star,sar,noun,5.04,stars,,
starting,,verb,5.04,,,
afraid,aid,adjective,5.03,more afraid,most afraid,
alone,alo,adverb,5.03,,,
choice,chi,noun,5.03,choices,,
cook,ck,verb,5.03,cooks,cooked,cooking
cuts,,noun,5.03,,,
famous,fam,adjective,5.03,more famous,most famous,
hair,hir,noun,5.03,hairs,,
information,ioa,noun,5.03,,,
kept,,verb,5.03,,,
ladies,,noun,5.03,,,
lucky,lck,adjective,5.03,luckier,luckiest,
meeting,,noun,5.03,meetings,,
members,,noun,5.03,,,
score,sce,noun,5.03,scores,,
thousands,thsa,noun,5.03,,,
yesterday,yta,noun,5.03,yesterdays,,
bigger,,adjective,5.02,more bigger,most bigger,
church,chu,noun,5.02,churches,,
doctor,dt,noun,5.02,doctors,,
extra,ext,adjective,5.02,more extra,most extra,
itself,itf,pronoun,5.02,,,
leader,ld,noun,5.02,leaders,,
meant,,verb,5.02,,,
modern,mrn,adjective,5.02,more modern,most modern,
particular,ptu,adjective,5.02,more particular,most particular,
private,pite,adjective,5.02,more private,most private,
sent,,verb,5.02,,,
stick,stk,verb,5.02,sticks,stuck,sticking
suppose,suo,verb,5.02,supposes,supposed,supposing
tea,,noun,5.02,teas,,
trust,trus,noun,5.02,trusts,,
weakest,wks,adjective,5.02,more weakest,most weakest,
basically,bsi,adverb,5.01,,,
brother,boh,noun,5.01,brethren,,
class,cls,noun,5.01,,,
clearly,cly,adverb,5.01,,,
eh,,,5.01,,,
energy,enrg,noun,5.01,energies,,
especially,ecia,adverb,5.01,,,
fall,fal,verb,5.01,falls,fell,falling
killed,ked,verb,5.01,,,
learn,lean,verb,5.01,learns,learnt,learning
plenty,pen,noun,5.01,plenties,,
quality,kai,noun,5.01,qualities,,
rock,rk,noun,5.01,rocks,,
selling,,verb,5.01,,,
silver,slv,noun,5.01,silvers,,
sitting,,verb,5.01,,,
sun,sun,noun,5.01,suns,,
worried,,verb,5.01,,,
add,,verb,5.00,adds,added,adding
areas,,noun,5.00,,,
bedroom,brm,noun,5.00,bedrooms,,
busy,bsy,adjective,5.00,busier,busiest,
dream,,noun,5.00,dreams,,
drive,dv,verb,5.00,drives,drove,driving
earth,earh,noun,5.00,earths,,
example,exl,noun,5.00,examples,,
former,fme,adjective,5.00,more former,most former,
gives,,verb,5.00,,,
issues,,noun,5.00,,,
married,mari,verb,5.00,,,
period,pri,noun,5.00,periods,,
plans,,noun,5.00,,,
slightly,shy,adverb,5.00,,,
sold,,verb,5.00,,,
spending,,noun,5.00,spendings,,
spot,spo,noun,5.00,spots,,
summer,suer,noun,5.00,summers,,
value,vu,noun,5.00,values,,
wind,wnd,noun,5.00,winds,,
worse,,adjective,5.00,worser,worsest,
act,,noun,4.99,acts,,
asking,,verb,4.99,,,
beginning,,noun,4.99,beginnings,,
certain,ctan,adjective,4.99,more certain,most certain,
competition,cmn,noun,4.99,competitions,,
families,,noun,4.99,,,
flat,flat,adjective,4.99,flatter,flattest,
hang,hag,verb,4.99,hangs,hung,hanging
horse,hor,noun,4.99,horses,,
leaving,,verb,4.99,,,
player,pay,noun,4.99,players,,
pleased,,adjective,4.99,more pleased,most pleased,
proud,pru,adjective,4.99,prouder,proudest,
shows,,verb,4.99,,,
teams,,noun,4.99,,,
telling,,verb,4.99,,,
training,tig,noun,4.99,trainings,,
allowed,,verb,4.98,,,
blood,bod,noun,4.98,bloods,,
deep,dep,adjective,4.98,deeper,deepest,
honest,hnet,adjective,4.98,more honest,most honest,
ice,,noun,4.98,ices,,
including,inu,verb,4.98,,,
moved,,verb,4.98,,,
oil,oil,noun,4.98,oils,,
policy,pic,noun,4.98,policies,,
profit,pfi,noun,4.98,profits,,
risk,rik,noun,4.98,risks,,
sign,sgn,noun,4.98,signs,,
society,scy,noun,4.98,societies,,
style,stle,noun,4.98,styles,,
sweet,swe,adjective,4.98,sweeter,sweetest,
train,trai,noun,4.98,trains,,
anywhere,anhe,adverb,4.97,,,
clean,cean,adjective,4.97,cleaner,cleanest,
daughter,duh,noun,4.97,daughters,,
fit,,verb,4.97,fits,fitted,fitting
goal,goa,noun,4.97,goals,,
international,itea,adjective,4.97,more international,most international,
offer,ofe,verb,4.97,offers,offered,offering
performance,prm,noun,4.97,performances,,
possibly,psy,adverb,4.97,,,
series,seri,noun,4.97,,,
social,soia,adjective,4.97,more social,most social,
sport,sort,noun,4.97,sports,,
total,toal,adjective,4.97,more total,most total,
ways,,noun,4.97,,,
weekend,wkn,noun,4.97,weekends,,
winning,,verb,4.97,,,
billion,bio,,4.96,,,
caught,,verb,4.96,,,
changes,,noun,4.96,,,
corner,coe,noun,4.96,corners,,
dry,dry,adjective,4.96,dryer,dryest,
exciting,exi,adjective,4.96,more exciting,most exciting,
follow,fol,verb,4.96,follows,followed,following
force,fce,noun,4.96,forces,,
grand,gad,adjective,4.96,grander,grandest,
island,isad,noun,4.96,islands,,
list,list,noun,4.96,lists,,
politics,ptc,noun,4.96,,,
wild,wld,adjective,4.96,wilder,wildest,
carry,cay,verb,4.95,carries,carried,carrying
cash,cash,noun,4.95,cashes,,
complete,cmt,adjective,4.95,more complete,most complete,
continue,ciu,verb,4.95,continues,continued,continuing
countries,,noun,4.95,,,
create,crat,verb,4.95,creates,created,creating
industry,iy,noun,4.95,industries,,
pop,,noun,4.95,pops,,
sector,sect,noun,4.95,sectors,,
send,snd,verb,4.95,sends,sent,sending
staff,stf,noun,4.95,staffs,,
standing,,verb,4.95,,,
surprise,suie,noun,4.95,surprises,,
taste,,noun,4.95,tastes,,
thinks,,verb,4.95,,,
tree,,noun,4.95,trees,,
wedding,weg,noun,4.95,weddings,,
above,av,,4.94,,,
band,bnd,noun,4.94,bands,,
battle,bate,noun,4.94,battles,,
charge,chae,noun,4.94,charges,,
cooking,,noun,4.94,cookings,,
cross,cros,noun,4.94,,,
dark,dak,adjective,4.94,darker,darkest,
date,date,noun,4.94,dates,,
dish,dsh,noun,4.94,dishes,,
economic,ecnm,adjective,4.94,more economic,most economic,
excellent,exct,adjective,4.94,more excellent,most excellent,
excited,exd,verb,4.94,,,
figures,,noun,4.94,,,
holiday,hod,noun,4.94,holidays,,
husband,hsan,noun,4.94,husbands,,
incredible,idl,adjective,4.94,more incredible,most incredible,
message,meg,noun,4.94,messages,,
onto,,,4.94,,,
paper,paer,noun,4.94,papers,,
parts,,noun,4.94,,,
project,pj,noun,4.94,projects,,
pull,pl,verb,4.94,pulls,pulled,pulling
role,,noun,4.94,roles,,
sing,sig,verb,4.94,sings,sung,singing
sleep,slp,verb,4.94,sleeps,slept,sleeping
visit,vst,noun,4.94,visits,,
animal,ail,noun,4.93,animals,,
character,chte,noun,4.93,characters,,
concerned,cod,verb,4.93,,,
decide,deci,verb,4.93,decides,decided,deciding
education,eui,noun,4.93,educations,,
grow,gro,verb,4.93,grows,grew,growing
growing,,verb,4.93,,,
interested,ints,adjective,4.93,more interested,most interested,
numbers,,noun,4.93,,,
original,oina,adjective,4.93,more original,most original,
river,rv,noun,4.93,rivers,,
secret,scrt,adjective,4.93,more secret,most secret,
type,typ,noun,4.93,types,,
answers,,noun,4.92,,,
apart,aprt,adverb,4.92,,,
based,bsd,verb,4.92,,,
choose,cho,verb,4.92,chooses,chose,choosing
debate,dba,noun,4.92,debates,,
field,fid,noun,4.92,fields,,
foot,fot,noun,4.92,feet,,
glass,gls,noun,4.92,,,
keeping,,verb,4.92,,,
lived,,verb,4.92,,,
push,puh,verb,4.92,pushes,pushed,pushing
ring,rig,noun,4.92,rings,,
schools,,noun,4.92,,,
share,shre,verb,4.92,shares,shared,sharing
success,suc,noun,4.92,,,
supposed,,verb,4.92,,,
village,vg,noun,4.92,villages,,
walking,,verb,4.92,,,
warm,wm,adjective,4.92,warmer,warmest,
worst,,adjective,4.92,worster,worstest,
army,amy,noun,4.91,armies,,
dangerous,dnu,adjective,4.91,more dangerous,most dangerous,
financial,fic,adjective,4.91,more financial,most financial,
growth,grh,noun,4.91,growths,,
higher,,adjective,4.91,more higher,most higher,
instead,inea,adverb,4.91,,,
journey,jr,noun,4.91,journeys,,
kick,,noun,4.91,kicks,,
kill,,verb,4.91,kills,killed,killing
member,meb,noun,4.91,members,,
missing,,verb,4.91,,,
normal,nol,adjective,4.91,more normal,most normal,
pair,pair,noun,4.91,pairs,,
popular,poa,adjective,4.91,more popular,most popular,
return,rtn,noun,4.91,returns,,
security,scit,noun,4.91,securities,,
simply,siy,adverb,4.91,,,
sister,siter,noun,4.91,sisters,,
speed,spd,noun,4.91,speeds,,
truth,truh,noun,4.91,truths,,
whoa,whoa,noun,4.91,,,
attack,ack,noun,4.90,attacks,,
campaign,cag,noun,4.90,campaigns,,
crime,cri,noun,4.90,crimes,,
dancing,daci,noun,4.90,dancings,,
despite,dst,,4.90,,,
die,,verb,4.90,dies,died,dying
drop,dp,verb,4.90,drops,dropped,dropping
feels,,verb,4.90,,,
fly,fly,verb,4.90,flies,flew,flying
heavy,hav,adjective,4.90,heavier,heaviest,
however,hv,adverb,4.90,,,
managed,,verb,4.90,,,
manager,maer,noun,4.90,managers,,
present,pret,adjective,4.90,more present,most present,
shape,shap,noun,4.90,shapes,,
track,tck,noun,4.90,tracks,,
yours,yor,noun,4.90,,,
bag,,noun,4.89,bags,,
boat,boa,noun,4.89,boats,,
card,crd,noun,4.89,cards,,
clock,clo,noun,4.89,clocks,,
companies,,noun,4.89,,,
cream,crm,noun,4.89,creams,,
defence,dnc,noun,4.89,defences,,
doubt,dou,noun,4.89,doubts,,
fresh,fsh,adjective,4.89,fresher,freshest,
hell,,noun,4.89,,,
natural,natl,adjective,4.89,more natural,most natural,
personal,pesa,adjective,4.89,more personal,most personal,
press,pres,noun,4.89,,,
realise,rais,verb,4.89,realises,realised,realising
sale,sale,noun,4.89,sales,,
starts,,verb,4.89,,,
unfortunately,ura,adverb,4.89,,,
university,uvt,noun,4.89,universities,,
voice,vce,noun,4.89,voices,,
wear,wear,verb,4.89,wears,wore,wearing
winner,wnr,noun,4.89,winners,,
write,wri,verb,4.89,writes,wrote,writing
bear,bear,noun,4.88,bears,,
coalition,cln,noun,4.88,coalitions,,
confidence,cnf,noun,4.88,confidences,,
driving,,verb,4.88,,,
expected,,verb,4.88,,,
extraordinary,exta,adjective,4.88,more extraordinary,most extraordinary,
finding,,verb,4.88,,,
following,,verb,4.88,,,
held,,verb,4.88,,,
houses,,noun,4.88,,,
leg,leg,noun,4.88,legs,,
none,,noun,4.88,,,
parties,,noun,4.88,,,
potential,peia,adjective,4.88,more potential,most potential,
proper,pro,adjective,4.88,more proper,most proper,
stuck,,verb,4.88,,,
terrible,trb,adjective,4.88,more terrible,most terrible,
throw,thro,verb,4.88,throws,threw,throwing
whose,whse,pronoun,4.88,,,
confident,cnit,adjective,4.87,more confident,most confident,
draw,daw,verb,4.87,draws,drew,drawing
fighting,,verb,4.87,,,
figure,fg,noun,4.87,figures,,
likely,lke,adjective,4.87,more likely,most likely,
nervous,nv,adjective,4.87,more nervous,most nervous,
pieces,,noun,4.87,,,
planning,pig,verb,4.87,,,
post,post,noun,4.87,posts,,
seemed,,verb,4.87,,,
site,,noun,4.87,sites,,
stories,,noun,4.87,,,
television,tlv,noun,4.87,televisions,,
tiny,tny,adjective,4.87,tinier,tiniest,
attention,ateo,noun,4.86,attentions,,
audience,aui,noun,4.86,audiences,,
began,,verb,4.86,,,
bits,,noun,4.86,,,
books,,noun,4.86,,,
broken,boe,verb,4.86,,,
coast,coas,noun,4.86,coasts,,
cover,cv,verb,4.86,covers,covered,covering
crisis,cris,noun,4.86,,,
dogs,,noun,4.86,,,
event,evt,noun,4.86,events,,
excuse,exc,noun,4.86,excuses,,
ideas,,noun,4.86,,,
items,,noun,4.86,,,
missed,,verb,4.86,,,
quiet,kie,adjective,4.86,quieter,quietest,
relationship,reih,noun,4.86,relationships,,
rich,rich,adjective,4.86,richer,richest,
roll,,noun,4.86,rolls,,
totally,toy,adverb,4.86,,,
advice,avc,noun,4.85,,,
banks,,noun,4.85,,,
bird,bir,noun,4.85,birds,,
birds,,noun,4.85,,,
captain,cain,noun,4.85,captains,,
career,,noun,4.85,careers,,
conditions,,noun,4.85,,,
conservative,cvt,adjective,4.85,more conservative,most conservative,
dress,drs,noun,4.85,,,
eggheads,egh,noun,4.85,,,
fans,fans,noun,4.85,,,
glad,gld,adjective,4.85,gladder,gladdest,
helping,,verb,4.85,,,
impact,iact,noun,4.85,impacts,,
keen,ken,adjective,4.85,keener,keenest,
legs,,noun,4.85,,,
letter,,noun,4.85,letters,,
normally,nry,adverb,4.85,,,
pain,pin,noun,4.85,pains,,
per,,,4.85,,,
raise,raie,verb,4.85,raises,raised,raising
rate,,noun,4.85,rates,,
rules,,noun,4.85,,,
safety,saty,noun,4.85,safeties,,
scene,scen,noun,4.85,scenes,,
seriously,sul,adverb,4.85,,,
shut,shut,verb,4.85,shuts,,shutting
written,wrie,verb,4.85,,,
arrived,aiv,verb,4.84,,,
brain,brai,noun,4.84,brains,,
careful,caef,adjective,4.84,more careful,most careful,
condition,cdt,noun,4.84,conditions,,
effect,efct,noun,4.84,effects,,
fear,fear,noun,4.84,fears,,
honourable,hnb,adjective,4.84,more honourable,most honourable,
hundreds,hnes,noun,4.84,,,
jump,ju,noun,4.84,jumps,,
liked,lkd,verb,4.84,,,
recently,rty,adverb,4.84,,,
smell,,noun,4.84,smells,,
stone,ston,noun,4.84,,,
successful,scf,adjective,4.84,more successful,most successful,
sugar,sua,noun,4.84,sugars,,
surprised,suri,verb,4.84,,,
window,wio,noun,4.84,windows,,
wine,wine,noun,4.84,wines,,
yellow,ylo,adjective,4.84,more yellow,most yellow,
accept,acpt,verb,4.83,accepts,accepted,accepting
available,aibe,adjective,4.83,more available,most available,
benefit,beit,noun,4.83,benefits,,
bringing,,verb,4.83,,,
camera,came,noun,4.83,cameras,,
cars,,noun,4.83,,,
cat,,noun,4.83,cats,,
cause,cau,noun,4.83,causes,,
central,ceal,adjective,4.83,more central,most central,
created,,verb,4.83,,,
explain,exan,verb,4.83,explains,explained,explaining
fell,,verb,4.83,,,
fingers,fis,noun,4.83,,,
homes,,noun,4.83,,,
joined,,verb,4.83,,,
led,,verb,4.83,,,
liberal,lib,adjective,4.83,more liberal,most liberal,
machine,mhi,noun,4.83,machines,,
magic,mgi,adjective,4.83,more magic,most magic,
nature,ntue,noun,4.83,natures,,
self,sef,noun,4.83,selves,,
strange,sran,adjective,4.83,stranger,strangest,
till,,,4.83,,,
trade,trd,noun,4.83,trades,,
usually,uay,adverb,4.83,,,
winter,wner,noun,4.83,winters,,
alive,alv,adjective,4.82,more alive,most alive,
bright,bih,adjective,4.82,more bright,most bright,
chicken,chie,noun,4.82,chickens,,
common,com,adjective,4.82,more common,most common,
darling,dln,noun,4.82,darlings,,
eating,,verb,4.82,,,
flying,,verb,4.82,,,
helped,,verb,4.82,,,
hurt,hur,verb,4.82,hurts,,hurting
investment,ivt,noun,4.82,investments,,
language,lue,noun,4.82,languages,,
latest,,adjective,4.82,more latest,most latest,
military,mry,adjective,4.82,more military,most military,
paying,,verb,4.82,,,
picked,,verb,4.82,,,
pointless,ptes,adjective,4.82,more pointless,most pointless,
prepared,pad,verb,4.82,,,
radio,raio,noun,4.82,radios,,
several,sva,adjective,4.82,more several,most several,
singing,,verb,4.82,,,
station,saon,noun,4.82,stations,,
suddenly,sny,adverb,4.82,,,
travel,tav,verb,4.82,travels,travelled,travelling
weight,wgh,noun,4.82,weights,,
aware,,adjective,4.81,more aware,most aware,
bathroom,bah,noun,4.81,bathrooms,,
cake,cke,noun,4.81,cakes,,
champion,chm,noun,4.81,champions,,
cheese,ches,noun,4.81,,,
current,cur,adjective,4.81,more current,most current,
damage,dage,noun,4.81,damages,,
farm,farm,noun,4.81,farms,,
forces,,noun,4.81,,,
gentlemen,,noun,4.81,,,
hate,,verb,4.81,hates,hated,hating
leaves,,verb,4.81,,,
losing,,verb,4.81,,,
names,,noun,4.81,,,
plant,pnt,noun,4.81,plants,,
prison,psn,noun,4.81,prisons,,
prize,px,noun,4.81,prizes,,
protect,poc,verb,4.81,protects,protected,protecting
reach,rch,verb,4.81,reaches,reached,reaching
results,,noun,4.81,,,
sad,sad,adjective,4.81,sadder,saddest,
scared,scad,verb,4.81,,,
search,seach,noun,4.81,searches,,
similar,sila,adjective,4.81,more similar,most similar,
slow,slw,adjective,4.81,slower,slowest,
streets,,noun,4.81,,,
target,trg,noun,4.81,targets,,
throughout,thou,,4.81,,,
turning,,verb,4.81,,,
unusual,una,adjective,4.81,more unusual,most unusual,
wearing,,verb,4.81,,,
wrote,,verb,4.81,,,
bet,,verb,4.80,bets,betted,betting
closer,clse,adjective,4.80,more closer,most closer,
edge,edg,noun,4.80,edges,,
egg,,noun,4.80,eggs,,
increase,inas,noun,4.80,increases,,
likes,like,verb,4.80,,,
loads,lod,noun,4.80,,,
meat,meat,noun,4.80,,,
metres,metr,noun,4.80,,,
officers,,noun,4.80,,,
pictures,,noun,4.80,,,
pink,pik,adjective,4.80,pinker,pinkest,
positive,psie,adjective,4.80,more positive,most positive,
range,rage,noun,4.80,ranges,,
rid,rid,adjective,4.80,more rid,most rid,
science,sien,noun,4.80,sciences,,
sex,,noun,4.80,sexes,,
stars,,noun,4.80,,,
stopped,,verb,4.80,,,
according,aig,verb,4.79,,,
congratulations,cnts,noun,4.79,,,
crazy,cx,adjective,4.79,crazier,craziest,
debt,dbt,noun,4.79,debts,,
due,,adjective,4.79,duer,duest,
expensive,exv,adjective,4.79,more expensive,most expensive,
greatest,,adjective,4.79,more greatest,most greatest,
leading,lig,verb,4.79,,,
mess,,noun,4.79,,,
mistake,mke,noun,4.79,mistakes,,
opening,oeni,noun,4.79,openings,,
operation,oeai,noun,4.79,operations,,
politicians,ptas,noun,4.79,,,
promise,pmi,verb,4.79,promises,promised,promising
region,rein,noun,4.79,regions,,
research,rech,noun,4.79,,,
sauce,suce,noun,4.79,sauces,,
skills,skl,noun,4.79,,,
sky,sky,noun,4.79,skies,,
snow,sow,noun,4.79,snows,,
super,supe,adjective,4.79,superer,superest,
trees,,noun,4.79,,,
awful,awu,adjective,4.78,more awful,most awful,
buying,,verb,4.78,,,
changing,,verb,4.78,,,
charity,chit,noun,4.78,charities,,
commission,cisn,noun,4.78,commissions,,
enjoyed,,verb,4.78,,,
everywhere,evh,adverb,4.78,,,
focus,fcu,noun,4.78,,,
heading,hain,verb,4.78,,,
kid,kid,noun,4.78,kids,,
mouth,moh,noun,4.78,mouths,,
noise,nois,noun,4.78,noises,,
plus,pus,,4.78,,,
prove,poe,verb,4.78,proves,proved,proving
provide,prie,verb,4.78,provides,provided,providing
reading,,verb,4.78,,,
reckon,rek,verb,4.78,reckons,reckoned,reckoning
ride,ride,noun,4.78,rides,,
rise,,noun,4.78,rises,,
seat,,noun,4.78,seats,,
speaking,,verb,4.78,,,
square,ske,noun,4.78,squares,,
studio,sdo,noun,4.78,studios,,
stupid,stid,adjective,4.78,more stupid,most stupid,
unless,unl,,4.78,,,
wood,,noun,4.78,woods,,
agreed,,verb,4.77,,,
balls,,noun,4.77,,,
begin,bin,verb,4.77,begins,began,beginning
beyond,bon,,4.77,,,
birthday,bhd,noun,4.77,birthdays,,
calling,,verb,4.77,,,
capital,citl,noun,4.77,capitals,,
chocolate,chl,noun,4.77,chocolates,,
cloud,cud,noun,4.77,clouds,,
committee,coit,noun,4.77,committees,,
county,cty,noun,4.77,counties,,
decisions,,noun,4.77,,,
dinner,dine,noun,4.77,dinners,,
em,,pronoun,4.77,,,
estate,,noun,4.77,estates,,
fat,,adjective,4.77,fatter,fattest,
gas,,noun,4.77,,,
laugh,luh,noun,4.77,laughs,,
lie,,verb,4.77,lies,lied,lying
painting,ptg,noun,4.77,paintings,,
passed,,verb,4.77,,,
pounds,pou,noun,4.77,,,
respect,rect,noun,4.77,respects,,
reveal,rva,verb,4.77,reveals,revealed,revealing
ship,ship,noun,4.77,ships,,
showing,shin,verb,4.77,,,
title,tile,noun,4.77,titles,,
twice,tice,adverb,4.77,,,
website,wbi,noun,4.77,websites,,
workers,wrk,noun,4.77,,,
afford,afd,verb,4.76,affords,afforded,affording
allow,aow,verb,4.76,allows,allowed,allowing
credit,crit,noun,4.76,credits,,
crowd,cow,noun,4.76,crowds,,
design,desi,noun,4.76,designs,,
effort,efrt,noun,4.76,efforts,,
estimate,estia,noun,4.76,estimates,,
events,,noun,4.76,,,
extremely,extr,adverb,4.76,,,
failed,faie,verb,4.76,,,
false,fase,adjective,4.76,falser,falsest,
foreign,feg,adjective,4.76,more foreign,most foreign,
frame,fame,noun,4.76,frames,,
german,gmn,adjective,4.76,more german,most german,
hat,,noun,4.76,hats,,
heat,,noun,4.76,heats,,
holding,,verb,4.76,,,
hole,hol,noun,4.76,holes,,
hotel,hote,noun,4.76,hotels,,
lines,,noun,4.76,,,
lower,,adjective,4.76,lowerer,lowerest,
master,matr,noun,4.76,masters,,
nation,nato,noun,4.76,nations,,
older,,adjective,4.76,olderer,olderest,
opened,ond,verb,4.76,,,
pot,,noun,4.76,pots,,
recent,rcnt,adjective,4.76,more recent,most recent,
responsibility,riy,noun,4.76,responsibilities,,
rights,riht,noun,4.76,,,
scored,scd,verb,4.76,,,
sick,sck,adjective,4.76,sicker,sickest,
surely,suy,adverb,4.76,,,
tour,tour,noun,4.76,,,
wet,,adjective,4.76,wetter,wettest,
writing,,verb,4.76,,,
access,aces,noun,4.75,,,
arms,,noun,4.75,,,
bar,,noun,4.75,bars,,
costs,,noun,4.75,,,
danger,dnr,noun,4.75,dangers,,
details,,noun,4.75,,,
easier,,adjective,4.75,more easier,most easier,
fairly,fay,adverb,4.75,,,
fault,fut,noun,4.75,faults,,
independent,inet,adjective,4.75,more independent,most independent,
justice,jc,noun,4.75,justices,,
legal,lega,adjective,4.75,more legal,most legal,
lift,lft,verb,4.75,lifts,lifted,lifting
properly,pry,adverb,4.75,,,
raised,,verb,4.75,,,
row,row,noun,4.75,rows,,
skin,skn,noun,4.75,skins,,
statement,staen,noun,4.75,statements,,
students,,noun,4.75,,,
sunshine,shie,noun,4.75,sunshines,,
traditional,trio,adjective,4.75,more traditional,most traditional,
treat,,verb,4.75,treats,treated,treating
trip,trip,noun,4.75,trips,,
turns,,verb,4.75,,,
upon,uon,,4.75,,,
upstairs,utir,noun,4.75,,,
victorian,vtn,adjective,4.75,more victorian,most victorian,
weird,wid,adjective,4.75,weirder,weirdest,
bus,bus,noun,4.74,,,
businesses,bui,noun,4.74,,,
calls,,noun,4.74,,,
clothes,cths,noun,4.74,,,
collection,clei,noun,4.74,collections,,
department,dtn,noun,4.74,departments,,
eggs,,noun,4.74,,,
ended,,verb,4.74,,,
fabulous,fab,adjective,4.74,more fabulous,most fabulous,
fancy,fny,adjective,4.74,fancier,fanciest,
incredibly,icy,adverb,4.74,,,
irish,irsh,adjective,4.74,more irish,most irish,
knowledge,kg,noun,4.74,,,
literally,lty,adverb,4.74,,,
loves,,verb,4.74,,,
moon,mon,noun,4.74,moons,,
officer,ofi,noun,4.74,officers,,
ourselves,,pronoun,4.74,,,
peace,peac,noun,4.74,peaces,,
subject,sj,noun,4.74,subjects,,
theatre,thar,,4.74,,,
usual,ual,adjective,4.74,more usual,most usual,
apparently,anty,adverb,4.73,,,
average,ave,adjective,4.73,more average,most average,
balance,bce,noun,4.73,balances,,
benefits,,noun,4.73,,,
cases,,noun,4.73,,,
cooked,,verb,4.73,,,
culture,cute,noun,4.73,cultures,,
doors,,noun,4.73,,,
environment,env,noun,4.73,environments,,
expert,exr,noun,4.73,experts,,
flavour,fau,noun,4.73,,,
flowers,frs,noun,4.73,,,
fruit,fui,noun,4.73,,,
gentleman,gnt,noun,4.73,gentlemen,,
goodness,gdn,noun,4.73,,,
grown,gwn,verb,4.73,,,
heads,,noun,4.73,,,
ho,,,4.73,,,
mad,,adjective,4.73,madder,maddest,
milk,mik,noun,4.73,milks,,
opposition,osit,noun,4.73,oppositions,,
plants,,noun,4.73,,,
plate,ple,noun,4.73,plates,,
ran,,verb,4.73,,,
reasons,,noun,4.73,,,
reports,,noun,4.73,,,
strike,srk,noun,4.73,strikes,,
strongest,strn,adjective,4.73,more strongest,most strongest,
tight,tigh,adjective,4.73,tighter,tightest,
wide,wide,adjective,4.73,wider,widest,
base,bas,noun,4.72,bases,,
beach,beah,noun,4.72,beaches,,
calm,clm,adjective,4.72,calmer,calmest,
contact,cota,noun,4.72,contacts,,
crew,crw,noun,4.72,crews,,
discovered,dsv,verb,4.72,,,
ensure,ensu,verb,4.72,ensures,ensured,ensuring
entire,entr,adjective,4.72,more entire,most entire,
eventually,evu,adverb,4.72,,,
gorgeous,grs,adjective,4.72,more gorgeous,most gorgeous,
internet,intr,noun,4.72,internets,,
knock,knc,verb,4.72,knocks,knocked,knocking
lunch,lnh,noun,4.72,lunches,,
millions,mln,noun,4.72,,,
mps,,noun,4.72,,,
nose,,noun,4.72,noses,,
patient,pate,noun,4.72,patients,,
prices,,noun,4.72,,,
properties,,noun,4.72,,,
review,rvi,noun,4.72,reviews,,
roof,,noun,4.72,roofs,,
rooms,,noun,4.72,,,
scale,scal,noun,4.72,scales,,
shame,shae,noun,4.72,shames,,
showed,shed,verb,4.72,,,
speech,spch,noun,4.72,speeches,,
standard,stan,noun,4.72,standards,,
talked,,verb,4.72,,,
victory,vy,noun,4.72,victories,,
wanna,,verb,4.72,,,
waste,wase,noun,4.72,wastes,,
wee,,noun,4.72,wees,,
angry,anry,adjective,4.71,angrier,angriest,
approach,aoch,noun,4.71,approaches,,
artist,arts,noun,4.71,artists,,
below,bew,,4.71,,,
blow,blo,verb,4.71,blows,blew,blowing
bridge,brie,noun,4.71,bridges,,
clever,clv,adjective,4.71,more clever,most clever,
count,cun,verb,4.71,counts,counted,counting
cutting,,verb,4.71,,,
development,dlt,noun,4.71,developments,,
driver,dve,noun,4.71,drivers,,
falling,,verb,4.71,,,
fan,,noun,4.71,fans,,
films,,noun,4.71,,,
hill,hil,noun,4.71,hills,,
housing,hui,noun,4.71,housings,,
individual,iul,adjective,4.71,more individual,most individual,
majority,maj,noun,4.71,majorities,,
media,meia,noun,4.71,,,
movement,mot,noun,4.71,movements,,
notice,ntce,verb,4.71,notices,noticed,noticing
powerful,pef,adjective,4.71,more powerful,most powerful,
previous,piu,adjective,4.71,more previous,most previous,
pub,pub,noun,4.71,pubs,,
quid,,noun,4.71,quids,,
smile,,noun,4.71,smiles,,
views,,noun,4.71,,,
arm,,noun,4.70,arms,,
bedrooms,,noun,4.70,,,
caused,caed,verb,4.70,,,
chances,,noun,4.70,,,
chef,chf,noun,4.70,chefs,,
concern,con,noun,4.70,concerns,,
disappointed,dio,verb,4.70,,,
generation,geti,noun,4.70,generations,,
impressive,isv,adjective,4.70,more impressive,most impressive,
item,itm,noun,4.70,items,,
mix,mix,noun,4.70,mixes,,
murder,mur,noun,4.70,murders,,
mystery,myt,noun,4.70,mysteries,,
odd,,adjective,4.70,odder,oddest,
otherwise,othi,adverb,4.70,,,
paint,pait,noun,4.70,paints,,
patients,,noun,4.70,,,
perfectly,pft,adverb,4.70,,,
produce,prc,verb,4.70,produces,produced,producing
quarter,kae,noun,4.70,quarters,,
reality,raty,noun,4.70,realities,,
rubbish,rbh,adjective,4.70,more rubbish,most rubbish,
sat,,verb,4.70,,,
sides,,noun,4.70,,,
significant,snf,adjective,4.70,more significant,most significant,
teeth,,noun,4.70,,,
address,ades,noun,4.69,,,
among,amon,,4.69,,,
bowl,bwl,noun,4.69,bowls,,
bread,bead,noun,4.69,,,
carried,,verb,4.69,,,
chinese,chis,adjective,4.69,more chinese,most chinese,
classic,casi,adjective,4.69,more classic,most classic,
closed,cld,verb,4.69,,,
colours,cou,noun,4.69,,,
covered,,verb,4.69,,,
deliver,deli,verb,4.69,delivers,delivered,delivering
designed,desn,verb,4.69,,,
direction,dto,noun,4.69,directions,,
drugs,dus,noun,4.69,,,
easily,eail,adverb,4.69,,,
expecting,,verb,4.69,,,
favour,fur,noun,4.69,,,
feed,fed,verb,4.69,feeds,fed,feeding
fucking,fki,verb,4.69,,,
fund,fnd,noun,4.69,funds,,
funding,fig,noun,4.69,fundings,,
herself,,pronoun,4.69,,,
hunt,hunt,noun,4.69,hunts,,
judge,jd,noun,4.69,judges,,
leaders,,noun,4.69,,,
marriage,mrg,noun,4.69,marriages,,
mission,mion,noun,4.69,missions,,
opinion,opi,noun,4.69,opinions,,
professional,pfa,adjective,4.69,more professional,most professional,
realised,,verb,4.69,,,
recognise,rcni,verb,4.69,recognises,recognised,recognising
response,resn,noun,4.69,responses,,
responsible,rsb,adjective,4.69,more responsible,most responsible,
salt,salt,noun,4.69,salts,,
scheme,,noun,4.69,schemes,,
spring,srin,noun,4.69,springs,,
technology,tchn,noun,4.69,technologies,,
upset,upet,adjective,4.69,more upset,most upset,
van,van,noun,4.69,vans,,
accident,aciet,noun,4.68,accidents,,
authorities,,noun,4.68,,,
boss,bos,noun,4.68,,,
brand,bran,noun,4.68,brands,,
butter,but,noun,4.68,,,
castle,caste,noun,4.68,castles,,
claim,cli,verb,4.68,claims,claimed,claiming
consider,cosi,verb,4.68,considers,considered,considering
empty,emp,adjective,4.68,emptier,emptiest,
experts,,noun,4.68,,,
harder,,adjective,4.68,more harder,most harder,
highest,,adjective,4.68,more highest,most highest,
horses,,noun,4.68,,,
keeps,,verb,4.68,,,
lights,,noun,4.68,,,
ministers,mite,noun,4.68,,,
progress,pge,noun,4.68,,,
rare,,adjective,4.68,rarer,rarest,
referendum,rfn,noun,4.68,referendums,,
rescue,resc,noun,4.68,rescues,,
shit,,noun,4.68,shits,,
showers,shor,noun,4.68,,,
soft,sof,adjective,4.68,softer,softest,
sorts,,noun,4.68,,,
spoke,,verb,4.68,,,
struggling,stun,verb,4.68,,,
teacher,tchr,noun,4.68,teachers,,
account,aou,noun,4.67,accounts,,
advantage,avte,noun,4.67,advantages,,
beauty,bty,noun,4.67,beauties,,
becoming,,verb,4.67,,,
blues,bls,noun,4.67,,,
bonus,bns,noun,4.67,,,
concerns,,noun,4.67,,,
customers,csto,noun,4.67,,,
facing,fag,verb,4.67,,,
faith,fath,noun,4.67,faiths,,
female,fel,adjective,4.67,more female,most female,
followed,,verb,4.67,,,
forest,fest,noun,4.67,forests,,
judges,,noun,4.67,,,
loss,,noun,4.67,,,
model,moe,noun,4.67,models,,
population,poat,noun,4.67,populations,,
reds,reds,noun,4.67,,,
rule,,noun,4.67,rules,,
sheep,shep,noun,4.67,,,
shopping,shoi,noun,4.67,shoppings,,
smaller,,adjective,4.67,more smaller,most smaller,
walked,,verb,4.67,,,
achieve,ahie,verb,4.66,achieves,achieved,achieving
assembly,aseb,noun,4.66,assemblies,,
blame,bam,verb,4.66,blames,blamed,blaming
bloody,bld,adjective,4.66,more bloody,most bloody,
chair,chai,noun,4.66,chairs,,
comfortable,cmf,adjective,4.66,more comfortable,most comfortable,
delicious,dlu,adjective,4.66,more delicious,most delicious,
doo,,noun,4.66,,,
escape,escp,verb,4.66,escapes,escaped,escaping
faces,,noun,4.66,,,
guide,gid,noun,4.66,guides,,
hammer,hame,noun,4.66,hammers,,
hide,hid,verb,4.66,hides,hid,hiding
investigation,ivea,noun,4.66,investigations,,
joining,,verb,4.66,,,
largest,,adjective,4.66,more largest,most largest,
learning,,verb,4.66,,,
listening,,verb,4.66,,,
lying,lyi,verb,4.66,,,
male,mal,noun,4.66,males,,
o'clock,ox,adverb,4.66,,,
planet,plt,noun,4.66,planets,,
pleasure,pau,noun,4.66,pleasures,,
powers,,noun,4.66,,,
remain,rain,verb,4.66,remains,remained,remaining
remains,,verb,4.66,,,
runs,,verb,4.66,,,
shoes,shoe,noun,4.66,,,
signed,sige,verb,4.66,,,
spirit,sirt,noun,4.66,spirits,,
task,task,noun,4.66,tasks,,
tells,,verb,4.66,,,
temperatures,taus,noun,4.66,,,
unique,unie,adjective,4.66,more unique,most unique,
added,,verb,4.65,,,
argument,auet,noun,4.65,arguments,,
bath,bath,noun,4.65,baths,,
bottle,btl,noun,4.65,bottles,,
breaking,,verb,4.65,,,
cheap,chp,adjective,4.65,cheaper,cheapest,
coffee,cof,noun,4.65,coffees,,
college,cg,noun,4.65,colleges,,
currently,cny,adverb,4.65,,,
director,deo,noun,4.65,directors,,
emergency,egc,noun,4.65,emergencies,,
hearing,,verb,4.65,,,
hee,,noun,4.65,,,
kiss,kis,verb,4.65,kisses,kissed,kissing
levels,,noun,4.65,,,
neck,neck,noun,4.65,necks,,
owner,onr,noun,4.65,owners,,
product,puc,noun,4.65,products,,
received,reci,verb,4.65,,,
saved,,verb,4.65,,,
setting,,verb,4.65,,,
songs,,noun,4.65,,,
sports,,noun,4.65,,,
staying,,verb,4.65,,,
stock,stck,noun,4.65,stocks,,
strength,stnh,noun,4.65,strengths,,
threat,thre,noun,4.65,threats,,
ability,aiy,noun,4.64,abilities,,
avoid,avd,verb,4.64,avoids,avoided,avoiding
behaviour,bhu,noun,4.64,,,
brave,bv,verb,4.64,braves,braved,braving
breakfast,bst,noun,4.64,breakfasts,,
broke,,verb,4.64,,,
computer,cmu,noun,4.64,computers,,
determined,detn,verb,4.64,,,
distance,dsan,noun,4.64,distances,,
drinking,dnk,noun,4.64,drinkings,,
dropped,,verb,4.64,,,
except,exp,,4.64,,,
fill,fil,verb,4.64,fills,filled,filling
forced,frc,verb,4.64,,,
freedom,fom,noun,4.64,freedoms,,
giant,gin,adjective,4.64,more giant,most giant,
groups,,noun,4.64,,,
image,iage,noun,4.64,images,,
immediately,ity,adverb,4.64,,,
income,icme,noun,4.64,incomes,,
knowing,,verb,4.64,,,
learned,lead,verb,4.64,,,
location,ltin,noun,4.64,locations,,
medal,meal,noun,4.64,medals,,
mentioned,,verb,4.64,,,
mountain,mun,noun,4.64,mountains,,
named,name,verb,4.64,,,
obvious,oiu,adjective,4.64,more obvious,most obvious,
orange,oane,noun,4.64,oranges,,
partner,prn,noun,4.64,partners,,
penalty,pent,noun,4.64,penalties,,
plays,,verb,4.64,,,
reaction,reati,noun,4.64,reactions,,
relief,reif,noun,4.64,reliefs,,
shown,shon,verb,4.64,,,
sight,sgh,noun,4.64,sights,,
stands,,verb,4.64,,,
survive,suv,verb,4.64,survives,survived,surviving
tired,tied,adjective,4.64,more tired,most tired,
voted,vot,verb,4.64,,,
wake,wake,verb,4.64,wakes,woke,waking
windows,,noun,4.64,,,
ancient,aniet,adjective,4.63,more ancient,most ancient,
badly,bly,adverb,4.63,,,
basis,basi,noun,4.63,,,
conference,cner,noun,4.63,conferences,,
daily,diy,adjective,4.63,more daily,most daily,
dealing,dain,verb,4.63,,,
deficit,dect,noun,4.63,deficits,,
described,dsci,verb,4.63,,,
detail,deai,noun,4.63,details,,
fashion,fho,noun,4.63,fashions,,
fuel,fue,noun,4.63,fuels,,
greater,,adjective,4.63,more greater,most greater,
hardly,hdy,adverb,4.63,,,
healthy,haty,adjective,4.63,healthier,healthiest,
hoo,,noun,4.63,,,
horrible,hoi,adjective,4.63,more horrible,most horrible,
mail,mil,noun,4.63,mails,,
medical,mica,adjective,4.63,more medical,most medical,
metal,mtl,noun,4.63,metals,,
non,,noun,4.63,,,
overall,ova,adjective,4.63,more overall,most overall,
pocket,pke,noun,4.63,pockets,,
reform,rom,noun,4.63,reforms,,
reserve,resv,noun,4.63,reserves,,
rugby,ruy,noun,4.63,rugbies,,
scores,,noun,4.63,,,
separate,seart,adjective,4.63,more separate,most separate,
shock,shk,noun,4.63,shocks,,
split,spit,verb,4.63,splits,,splitting
stood,,verb,4.63,,,
store,stoe,noun,4.63,stores,,
suggest,suet,verb,4.63,suggests,suggested,suggesting
surface,suae,noun,4.63,surfaces,,
travelling,,verb,4.63,,,
walls,,noun,4.63,,,
whilst,whis,noun,4.63,,,
absolute,abst,adjective,4.62,more absolute,most absolute,
announced,aud,verb,4.62,,,
antiques,aks,noun,4.62,,,
bang,,noun,4.62,bangs,,
brings,,verb,4.62,,,
brothers,bhs,noun,4.62,,,
chosen,chen,verb,4.62,,,
civil,civ,adjective,4.62,more civil,most civil,
clue,clu,noun,4.62,clues,,
communities,,noun,4.62,,,
degrees,dgs,noun,4.62,,,
delighted,deih,adjective,4.62,more delighted,most delighted,
enjoying,,verb,4.62,,,
enormous,enru,adjective,4.62,more enormous,most enormous,
golden,gln,adjective,4.62,more golden,most golden,
guests,,noun,4.62,,,
hanging,,verb,4.62,,,
hm,,noun,4.62,,,
lack,lak,noun,4.62,lacks,,
landscape,lnse,noun,4.62,landscapes,,
manage,mag,verb,4.62,manages,managed,managing
mile,mle,noun,4.62,miles,,
movie,mv,noun,4.62,movies,,
note,note,noun,4.62,notes,,
pack,pck,noun,4.62,packs,,
practice,pcte,noun,4.62,practices,,
pulled,,verb,4.62,,,
released,rasd,verb,4.62,,,
senior,seio,adjective,4.62,more senior,most senior,
soldiers,slde,noun,4.62,,,
spread,spra,verb,4.62,spreads,,spreading
transport,taso,noun,4.62,transports,,
treatment,tran,noun,4.62,treatments,,
trick,trk,noun,4.62,tricks,,
underneath,ueth,,4.62,,,
western,wsr,adjective,4.62,more western,most western,
agreement,aget,noun,4.61,agreements,,
appear,,verb,4.61,appears,appeared,appearing
believed,,verb,4.61,,,
birth,bith,noun,4.61,births,,
border,bor,noun,4.61,borders,,
decent,decn,adjective,4.61,more decent,most decent,
disaster,diat,noun,4.61,disasters,,
duty,dut,noun,4.61,duties,,
forever,fv,adverb,4.61,,,
fully,fuy,adverb,4.61,,,
helps,,verb,4.61,,,
impossible,isbe,adjective,4.61,more impossible,most impossible,
impressed,imre,adjective,4.61,more impressed,most impressed,
improve,iov,verb,4.61,improves,improved,improving
lamb,lmb,noun,4.61,lambs,,
mid,,adjective,4.61,more mid,most mid,
moves,,noun,4.61,,,
musical,mui,adjective,4.61,more musical,most musical,
offered,,verb,4.61,,,
online,ole,noun,4.61,onlines,,
option,otin,noun,4.61,options,,
produced,,verb,4.61,,,
records,,noun,4.61,,,
screen,scrn,noun,4.61,screens,,
serve,srv,verb,4.61,serves,served,serving
silly,sly,adjective,4.61,sillier,silliest,
steps,,noun,4.61,,,
student,sten,noun,4.61,students,,
study,sdy,noun,4.61,studies,,
therefore,thef,adverb,4.61,,,
wildlife,wile,noun,4.61,wildlives,,
ya,,pronoun,4.61,,,
actual,actl,adjective,4.60,more actual,most actual,
amongst,agst,,4.60,,,
attempt,amp,noun,4.60,attempts,,
chat,chat,verb,4.60,chats,chatted,chatting
crucial,cial,adjective,4.60,more crucial,most crucial,
faster,fate,adverb,4.60,,,
gotta,got,verb,4.60,,,
gun,gun,noun,4.60,guns,,
heaven,heav,noun,4.60,heavens,,
honey,hny,noun,4.60,honeys,,
inquiry,ink,noun,4.60,inquiries,,
italian,ialn,adjective,4.60,more italian,most italian,
nicely,nly,adverb,4.60,,,
noticed,,verb,4.60,,,
oi,,,4.60,,,
pace,,noun,4.60,paces,,
pan,pan,verb,4.60,pans,panned,panning
pitch,pth,noun,4.60,pitches,,
reached,,verb,4.60,,,
release,reas,noun,4.60,releases,,
restaurant,retu,noun,4.60,restaurants,,
route,rou,noun,4.60,routes,,
semi,,noun,4.60,semis,,
shops,,noun,4.60,,,
species,seci,noun,4.60,,,
strategy,saeg,noun,4.60,strategies,,
trial,tial,noun,4.60,trials,,
violence,vil,noun,4.60,violences,,
wins,,verb,4.60,,,
appeal,apl,noun,4.59,appeals,,
authority,atho,noun,4.59,authorities,,
becomes,,verb,4.59,,,
buildings,bun,noun,4.59,,,
cards,,noun,4.59,,,
countryside,cuti,noun,4.59,countrysides,,
crossed,csed,verb,4.59,,,
desperate,dest,adjective,4.59,more desperate,most desperate,
dreams,dreas,noun,4.59,,,
factory,fty,noun,4.59,factories,,
global,glo,adjective,4.59,more global,most global,
handle,hnd,verb,4.59,handles,handled,handling
ill,,adjective,4.59,worse,worst,
insurance,iuce,noun,4.59,insurances,,
interview,itev,noun,4.59,interviews,,
joke,jk,noun,4.59,jokes,,
lay,,verb,4.59,lays,laid,laying
museum,mue,noun,4.59,museums,,
ordinary,oay,adjective,4.59,more ordinary,most ordinary,
scary,scar,adjective,4.59,scarier,scariest,
suit,suit,noun,4.59,suits,,
tackle,tkl,verb,4.59,tackles,tackled,tackling
vital,vita,adjective,4.59,more vital,most vital,
younger,,adjective,4.59,more younger,most younger,
apple,aple,noun,4.58,apples,,
bike,bke,noun,4.58,bikes,,
carefully,cuy,adverb,4.58,,,
cast,cast,verb,4.58,casts,,casting
doctors,,noun,4.58,,,
elections,,noun,4.58,,,
euro,euo,noun,4.58,euroes,,
executive,euti,noun,4.58,executives,,
flight,fiht,noun,4.58,flights,,
fourth,,number,4.58,,,
fuck,fk,noun,4.58,fucks,,
gap,gap,noun,4.58,gaps,,
goals,,noun,4.58,,,
grass,gras,noun,4.58,,,
guest,gest,noun,4.58,guests,,
highly,hig,adverb,4.58,,,
hopes,,noun,4.58,,,
matters,,noun,4.58,,,
memory,moy,noun,4.58,memories,,
official,oica,adjective,4.58,more official,most official,
plane,pane,noun,4.58,planes,,
promised,,verb,4.58,,,
pushing,,verb,4.58,,,
rates,,noun,4.58,,,
sales,,noun,4.58,,,
shake,shke,verb,4.58,shakes,shook,shaking
standards,,noun,4.58,,,
sue,,verb,4.58,sues,sued,suing
talent,tlen,noun,4.58,talents,,
tie,,noun,4.58,ties,,
truly,tuy,adverb,4.58,,,
unit,unit,noun,4.58,units,,
zone,xne,noun,4.58,,,
block,blc,noun,4.57,blocks,,
camp,cmp,noun,4.57,camps,,
cancer,canr,noun,4.57,cancers,,
continues,,verb,4.57,,,
dirty,dty,adjective,4.57,dirtier,dirtiest,
discuss,diu,verb,4.57,discusses,discussed,discussing
fallen,faen,verb,4.57,,,
fix,fx,verb,4.57,fixes,fixed,fixing
guilty,glt,adjective,4.57,guiltier,guiltiest,
hidden,hien,verb,4.57,,,
independence,inec,noun,4.57,independences,,
injury,iny,noun,4.57,injuries,,
markets,,noun,4.57,,,
material,mati,noun,4.57,materials,,
mention,mnt,verb,4.57,mentions,mentioned,mentioning
mobile,mbi,adjective,4.57,mobiler,mobilest,
moments,,noun,4.57,,,
nowhere,nhr,adverb,4.57,,,
nuclear,nur,adjective,4.57,more nuclear,most nuclear,
originally,ony,adverb,4.57,,,
puts,,verb,4.57,,,
quiz,kx,noun,4.57,quizs,,
racing,raci,noun,4.57,racings,,
ridiculous,riu,adjective,4.57,more ridiculous,most ridiculous,
served,,verb,4.57,,,
slowly,soy,adverb,4.57,,,
solid,sld,adjective,4.57,more solid,most solid,
teach,teach,verb,4.57,teaches,taught,teaching
troops,trps,noun,4.57,,,
unemployment,uny,noun,4.57,unemployments,,
warning,wag,noun,4.57,warnings,,
atmosphere,atshe,noun,4.56,atmospheres,,
background,bac,noun,4.56,backgrounds,,
basic,bsc,adjective,4.56,more basic,most basic,
cry,cry,verb,4.56,cries,cried,crying
demand,dean,noun,4.56,demands,,
honestly,hoy,adverb,4.56,,,
hunting,huti,noun,4.56,huntings,,
injured,iure,verb,4.56,,,
letters,,noun,4.56,,,
lies,,verb,4.56,,,
measures,mau,noun,4.56,,,
painted,paite,verb,4.56,,,
passion,pasi,noun,4.56,passions,,
remind,remn,verb,4.56,reminds,reminded,reminding
signs,,noun,4.56,,,
solution,sltn,noun,4.56,solutions,,
suspect,suct,verb,4.56,suspects,suspected,suspecting
uncle,unce,noun,4.56,uncles,,
various,viu,adjective,4.56,more various,most various,
video,vid,noun,4.56,videos,,
vision,vso,noun,4.56,visions,,
acting,atig,verb,4.55,,,
affected,afct,verb,4.55,,,
album,abu,noun,4.55,albums,,
bargain,bain,noun,4.55,bargains,,
committed,cote,verb,4.55,,,
criminal,cnal,adjective,4.55,more criminal,most criminal,
entirely,enil,adverb,4.55,,,
fishing,fhn,noun,4.55,fishings,,
grab,,verb,4.55,grabs,grabbed,grabbing
grew,,verb,4.55,,,
hungry,hng,adjective,4.55,hungrier,hungriest,
ideal,idal,adjective,4.55,more ideal,most ideal,
jackpot,ja,noun,4.55,jackpots,,
necessary,ncsa,adjective,4.55,more necessary,most necessary,
picking,,verb,4.55,,,
pie,,noun,4.55,pies,,
production,pcti,noun,4.55,productions,,
recession,rsio,noun,4.55,recessions,,
sadly,sadl,adverb,4.55,,,
sharp,shar,adjective,4.55,sharper,sharpest,
struggle,sule,noun,4.55,struggles,,
stunning,stig,adjective,4.55,more stunning,most stunning,
swimming,swi,noun,4.55,swimmings,,
thoughts,thgs,noun,4.55,,,
tip,,noun,4.55,tips,,
victims,vcs,noun,4.55,,,
wave,wve,noun,4.55,waves,,
wondering,,verb,4.55,,,
actor,ator,noun,4.54,actors,,
airport,aiot,noun,4.54,airports,,
anti,anti,noun,4.54,,,
arrested,astd,verb,4.54,,,
beautifully,bef,adverb,4.54,,,
bell,bel,noun,4.54,bells,,
claims,,noun,4.54,,,
comedy,coy,noun,4.54,comedies,,
crash,crah,noun,4.54,crashes,,
dressing,dsin,verb,4.54,,,
ears,,noun,4.54,,,
elected,elct,verb,4.54,,,
firm,firm,noun,4.54,firms,,
gay,,adjective,4.54,gayer,gayest,
generally,gena,adverb,4.54,,,
honour,hnu,noun,4.54,,,
leadership,lsh,noun,4.54,leaderships,,
mates,,noun,4.54,,,
mixed,mxe,adjective,4.54,more mixed,most mixed,
neither,nith,,4.54,,,
opposite,oite,adjective,4.54,more opposite,most opposite,
oven,ove,noun,4.54,ovens,,
pool,pol,noun,4.54,pools,,
reduce,reuc,verb,4.54,reduces,reduced,reducing
